{"cameraMode":{"drawMode":0,"name":"Shaded","section":"Shading Mode"},"sceneLighting":false,"audioPlay":false,"sceneViewState":{"showFog":false,"showMaterialUpdate":false,"showSkybox":false,"showFlares":false,"showImageEffects":false,"showParticleSystems":false,"showVisualEffectGraphs":true},"in2DMode":false,"pivot":{"x":0.2751733362674713,"y":-0.457507848739624,"z":0.4051680564880371},"rotation":{"x":-0.1555205136537552,"y":-0.043847158551216128,"z":0.006910016760230064,"w":-0.9868373870849609},"size":6.36460018157959,"orthographic":false}