{"cameraMode":{"drawMode":0,"name":"Shaded","section":"Shading Mode"},"sceneLighting":false,"audioPlay":false,"sceneViewState":{"showFog":false,"showMaterialUpdate":false,"showSkybox":false,"showFlares":false,"showImageEffects":false,"showParticleSystems":false},"in2DMode":false,"pivot":{"x":0.7069385051727295,"y":-0.44735145568847659,"z":6.136837005615234},"rotation":{"x":-0.29579731822013857,"y":-0.010892215184867382,"z":0.0033730948343873026,"w":-0.9551836848258972},"size":31.201025009155275,"orthographic":false}