{"cameraMode":{"drawMode":0,"name":"Shaded","section":"Shading Mode"},"sceneLighting":false,"audioPlay":false,"sceneViewState":{"showFog":false,"showMaterialUpdate":false,"showSkybox":false,"showFlares":false,"showImageEffects":false,"showParticleSystems":false},"in2DMode":false,"pivot":{"x":-0.0008981227874755859,"y":1.1161494255065919,"z":0.048527538776397708},"rotation":{"x":-0.29579731822013857,"y":-0.010892215184867382,"z":0.0033730948343873026,"w":-0.9551836848258972},"size":3.9645988941192629,"orthographic":false}